Name,Motif,Score
A1CF,TAATTA,0.172
BOLL,TTTTTT,0.2
CELF1,GTTTGT,0.101
CNOT4,CACACA,0.127
CPEB1,TTTTTA,0.323
DAZ3,AAGTTA,0.091
DAZAP1,TATATA,0.117
EIF4G2,GTTGCA,0.154
ELAVL4,TTTTTT,0.204
ESRP1,GGGGGG,0.164
EWSR1,GGGGGG,0.152
FUBP1,TTTTTT,0.14
FUBP3,ATATAT,0.116
FUS,GGGTGG,1.0
HNRNPA0,TTATAG,0.153
HNRNPA2B1,GGGGGG,0.222
HNRNPC,TTTTTT,0.465
HNRNPCL1,TTTTTT,0.437
HNRNPD,TATTTA,0.092
HNRNPDL,TAATTA,0.124
HNRNPF,GGGGGG,0.186
HNRNPH2,GGGGGG,0.365
HNRNPK,CAGCCC,0.098
HNRNPL,TACATA,0.139
IGF2BP1,ACAATA,0.187
IGF2BP2,CACACA,0.173
ILF2,GGGGGG,0.127
KHDRBS2,AAATAA,0.111
KHDRBS3,AATAAA,0.111
KHSRP,ATGTAT,0.134
MBNL1,GCTTGC,0.097
MSI1,TAGTTA,0.11
NOVA1,ATTCAT,0.121
NUPL2,AAAAAA,0.142
PABPN1L,AAAAAA,0.335
PCBP1,CCGCCC,0.112
PCBP2,CCCCCC,0.154
PCBP4,ATCCCC,0.115
PRR3,ATAAAC,0.112
PTBP3,CTTTCT,0.13
PUF60,TTTTTT,0.259
PUM1,TGTATA,0.189
RALY,TTTTTT,0.276
RBFOX2,TGCATG,0.269
RBFOX3,GCATGC,0.223
RBM15B,TTTTTT,0.219
RBM22,TACCGG,0.612
RBM23,CCCCCC,0.205
RBM24,GTGTGT,0.149
RBM25,GGGGGG,0.143
RBM4,GCGCGT,0.13
RBM41,TACTTT,0.137
RBM45,ACTTAC,0.102
RBM47,TAATCA,0.126
RBM4B,CGCGCG,0.16
RBM6,CGTCCC,0.137
RBMS2,TATATA,0.128
RBMS3,TATATA,0.138
RC3H1,TATATT,0.099
SF1,TAACAA,0.092
SFPQ,TGTAAG,0.142
SNRPA,TGCACA,0.163
SRSF10,AGCAGC,0.204
SRSF11,AAGCAG,1.0
SRSF2,AGCAGC,0.131
SRSF4,AGCAGT,0.273
SRSF5,GCAGCC,0.139
SRSF8,AGCAGC,0.111
SRSF9,AGGAGA,0.097
TAF15,GGGGGG,0.231
TARDBP,AGTATG,0.138
TIA1,TTTTTT,0.401
TRA2A,GAAGAA,0.157
TRNAU1AP,TTTTTT,0.201
UNK,AATTAG,0.105
ZCRB1,ATTAAT,0.118
ZFP36,TATTTA,0.453
ZNF326,GGATGT,0.292
A1CF,TTAATT,0.096
BOLL,TTTGTT,0.099
CELF1,TGTTGT,0.093
CNOT4,AACACA,0.121
CPEB1,TTTTTT,0.14
DAZ3,GTTTTT,0.091
DAZAP1,TAGTTA,0.086
EIF4G2,GCGAGG,0.091
ELAVL4,TTATTT,0.174
ESRP1,GGGTGG,0.103
EWSR1,AGGGGG,0.126
FUBP1,ATGTAT,0.136
FUBP3,TATTAT,0.088
HNRNPA0,ATATAG,0.093
HNRNPA2B1,GGGGTA,0.121
HNRNPC,ATTTTT,0.127
HNRNPCL1,TTTTTA,0.106
HNRNPD,TTATTA,0.088
HNRNPDL,TAATTT,0.099
HNRNPF,GGGAGG,0.118
HNRNPH2,AGGGGG,0.079
HNRNPK,CACGCC,0.092
HNRNPL,CACACA,0.138
IGF2BP1,CACACA,0.181
IGF2BP2,ACAACA,0.161
ILF2,GGGTGG,0.096
KHDRBS2,AATTAA,0.099
KHDRBS3,ATTAAA,0.097
KHSRP,TGTTTT,0.11
MBNL1,GCTGCT,0.088
MSI1,TAGTTT,0.086
NOVA1,CATACA,0.087
NUPL2,AAAAAG,0.107
PABPN1L,AAAATA,0.178
PCBP1,CCCCCG,0.097
PCBP2,CCCCCG,0.08
PCBP4,CCTTCC,0.11
PRR3,ATGAGC,0.111
PTBP3,TTTTCT,0.118
PUF60,TTTTCT,0.134
PUM1,TGTACA,0.177
RALY,CTTTTT,0.091
RBFOX2,AGCATG,0.183
RBFOX3,GCATGT,0.186
RBM15B,TTTATT,0.107
RBM22,TTCCGG,0.216
RBM23,CCCTCC,0.191
RBM24,GTGTGC,0.115
RBM25,GGGGCC,0.105
RBM4,GCGCGC,0.109
RBM41,TACTTA,0.104
RBM45,ACTAAC,0.086
RBM47,AATCAA,0.106
RBM4B,GCGCGG,0.123
RBM6,GTCCAC,0.107
RBMS2,ATATAT,0.089
RBMS3,TATATT,0.098
RC3H1,ATATTG,0.096
SF1,TAACCA,0.085
SFPQ,TGTAAT,0.127
SNRPA,TGCACG,0.112
SRSF10,AGCAGT,0.152
SRSF2,AGCAGT,0.108
SRSF4,AGCAGC,0.245
SRSF5,CCGCCC,0.13
SRSF8,AGCAGT,0.097
SRSF9,AGGAGG,0.089
TAF15,GGGGTA,0.169
TARDBP,TGTATG,0.112
TIA1,TTTATT,0.124
TRA2A,AGAAGA,0.118
TRNAU1AP,TTTATT,0.104
UNK,TAGTTA,0.101
ZCRB1,TTTAAT,0.105
ZFP36,TATTAT,0.143
ZNF326,TGGATG,0.088
A1CF,AATCAA,0.095
BOLL,TTATTT,0.085
CELF1,GTATGT,0.089
CNOT4,AACAGA,0.112
CPEB1,TTTTAA,0.107
DAZ3,AGTTTA,0.091
DAZAP1,ATATAG,0.083
EIF4G2,CGTTGC,0.09
ELAVL4,TAATTT,0.098
ESRP1,GGGGGT,0.103
EWSR1,GGGGTG,0.114
FUBP1,TGTTTT,0.116
FUBP3,TTTTAT,0.087
HNRNPA0,ATTAGG,0.076
HNRNPA2B1,GGAGGG,0.109
HNRNPC,CTTTTT,0.089
HNRNPCL1,ATTTTT,0.088
HNRNPD,TATATA,0.088
HNRNPDL,TAAATA,0.089
HNRNPF,GGGTGG,0.109
HNRNPH2,GGGGGT,0.076
HNRNPK,CGTGCC,0.089
HNRNPL,TACACA,0.108
IGF2BP1,CATACA,0.172
IGF2BP2,CATACA,0.146
ILF2,AGGGGG,0.092
KHDRBS2,AACTAA,0.093
KHDRBS3,TTTAAA,0.08
KHSRP,TGTTTA,0.097
MBNL1,GCGCTT,0.085
MSI1,TAGATA,0.083
NOVA1,CATCAT,0.082
NUPL2,AAAATA,0.089
PABPN1L,AAAAGA,0.145
PCBP1,CAGCCC,0.093
PCBP2,CCCCCA,0.079
PCBP4,AATCCC,0.092
PRR3,ATAAGC,0.106
PTBP3,CTATCT,0.113
PUF60,TCTTTT,0.097
PUM1,TGTAAA,0.166
RALY,TTTCTT,0.089
RBFOX2,GCATGC,0.14
RBFOX3,TGCATG,0.152
RBM15B,TTTTTA,0.092
RBM22,TTACCG,0.172
RBM23,CTCCCC,0.165
RBM24,GCTTTT,0.09
RBM25,GGGGCA,0.103
RBM4,TGCGCG,0.086
RBM41,TACATT,0.103
RBM45,CACGAC,0.086
RBM47,TAATTA,0.092
RBM4B,CGCGGG,0.095
RBM6,GTCCCT,0.09
RBMS2,ATTATA,0.086
RBMS3,ATTATA,0.083
RC3H1,GTTTTA,0.094
SF1,TAATAA,0.084
SFPQ,GTAAGT,0.097
SNRPA,AGCACA,0.111
SRSF10,GCAGCA,0.123
SRSF2,AGCAGA,0.107
SRSF4,TGCTGC,0.243
SRSF5,GCCCCC,0.126
SRSF8,TGCAGC,0.096
SRSF9,AGGAAA,0.084
TAF15,AGGGGG,0.16
TARDBP,GTGTGT,0.097
TIA1,TTTTTA,0.089
TRA2A,AAGAAA,0.089
TRNAU1AP,ATTTTT,0.096
UNK,TAGTTT,0.092
ZCRB1,TATTAA,0.093
ZFP36,TAATAT,0.125
ZNF326,GGATCG,0.088
A1CF,AATTAA,0.093
BOLL,TGTTTT,0.074
CELF1,TTTTGT,0.087
CNOT4,TACACA,0.109
CPEB1,TTTTAT,0.098
DAZ3,ATGTTA,0.09
DAZAP1,TAAGTA,0.083
EIF4G2,CGCGGC,0.085
ELAVL4,TATTTT,0.061
ESRP1,GGGGGA,0.098
EWSR1,TGGGGG,0.113
FUBP1,TATTTT,0.106
FUBP3,TTTTTT,0.086
HNRNPA0,TATTAG,0.074
HNRNPA2B1,AGGGGG,0.099
HNRNPC,TTTTTA,0.071
HNRNPCL1,CTTTTT,0.075
HNRNPD,TAATTA,0.085
HNRNPDL,TAAATT,0.084
HNRNPF,AGGGGG,0.101
HNRNPH2,GGTGGG,0.076
HNRNPK,CATGCC,0.085
HNRNPL,CACATA,0.089
IGF2BP1,AATACA,0.16
IGF2BP2,AATACA,0.141
ILF2,GGGGTA,0.084
KHDRBS2,TAATAA,0.075
KHDRBS3,TAAAAA,0.076
KHSRP,TTTTTT,0.091
MBNL1,CGCTTT,0.073
MSI1,TTAGTA,0.078
NOVA1,TTTCAT,0.081
NUPL2,AAAGAA,0.085
PABPN1L,AAAACA,0.082
PCBP1,TGCCCC,0.076
PCBP2,ATCCCC,0.072
PCBP4,CCCTCC,0.083
PRR3,TTACCG,0.106
PTBP3,TCTTCT,0.1
PUF60,TTTCTC,0.09
PUM1,TATATA,0.121
RALY,ATTTTT,0.088
RBFOX2,GCATGT,0.117
RBFOX3,AGCATG,0.134
RBM15B,TTATTT,0.076
RBM23,CCCCTC,0.156
RBM24,TTTTAT,0.08
RBM25,GGGGTA,0.097
RBM4,GCGTGC,0.075
RBM41,CTACAT,0.091
RBM45,ACGCAA,0.083
RBM47,AATCAT,0.091
RBM4B,CGCGGT,0.094
RBM6,CGTCTC,0.075
RBMS2,TATATT,0.082
RBMS3,ATATAA,0.083
RC3H1,TTATAT,0.073
SF1,ATTAAC,0.077
SFPQ,ATGTAA,0.088
SNRPA,TGCACT,0.098
SRSF10,TGCAGC,0.117
SRSF2,ATGCAG,0.088
SRSF4,TGCAGT,0.239
SRSF5,CCCCTC,0.126
SRSF8,TGCAGT,0.082
SRSF9,AGGGAA,0.083
TAF15,GGCAGG,0.149
TARDBP,GGTATG,0.086
TIA1,TATTTT,0.07
TRA2A,TGAAGA,0.08
TRNAU1AP,TTTTTA,0.095
UNK,TTAGTA,0.089
ZCRB1,CTTAAT,0.087
ZFP36,TATATA,0.079
ZNF326,GGAACG,0.083
A1CF,TAATCA,0.085
BOLL,TTTTTA,0.07
CELF1,TTATGT,0.085
CNOT4,TACAGA,0.09
CPEB1,CTTTTA,0.074
DAZ3,CAGTTA,0.09
DAZAP1,TAGATA,0.08
EIF4G2,GCCGTC,0.083
ELAVL4,TTTATT,0.06
ESRP1,GGGGTG,0.083
EWSR1,TAGGTG,0.105
FUBP1,TTATGT,0.093
FUBP3,TTATAT,0.083
HNRNPA0,ATTTAG,0.068
HNRNPA2B1,AGGGTA,0.099
HNRNPC,TTTTTG,0.068
HNRNPCL1,TTTTTG,0.061
HNRNPD,TTTTTA,0.084
HNRNPDL,TAATAT,0.082
HNRNPF,TGGGGG,0.091
HNRNPH2,TGGGGG,0.073
HNRNPK,AGCCCA,0.084
HNRNPL,AACATA,0.079
IGF2BP1,ACAACA,0.153
IGF2BP2,AACACA,0.134
ILF2,GGGGTG,0.083
KHDRBS2,TTTAAA,0.069
KHDRBS3,ATAAAA,0.074
KHSRP,TGTTAT,0.09
MBNL1,CGCTTA,0.072
MSI1,ATAGTA,0.074
NOVA1,TATCAT,0.077
NUPL2,AAAATG,0.085
PABPN1L,AGAAAA,0.06
PCBP1,CCCCCC,0.075
PCBP2,TACCCC,0.071
PCBP4,CTTTCC,0.08
PRR3,ATTAGC,0.076
PTBP3,TCTATC,0.092
PUF60,TTTCTT,0.072
PUM1,TAAATA,0.087
RALY,TTTTTA,0.066
RBFOX2,GCATGA,0.097
RBFOX3,GCATGA,0.098
RBM15B,CTTTTT,0.071
RBM23,CCCCCA,0.156
RBM24,GTGTTT,0.074
RBM25,GGGTGG,0.093
RBM4,CGCGTA,0.074
RBM41,TTACAT,0.082
RBM45,ACTGAC,0.077
RBM47,AAATTA,0.09
RBM4B,GCGCGT,0.08
RBM6,CCATCC,0.069
RBMS2,AATATA,0.082
RBMS3,ATATAT,0.083
RC3H1,TTTTAT,0.073
SF1,ATAACA,0.076
SFPQ,GTGTAA,0.088
SNRPA,AGCACG,0.073
SRSF10,AGCAGA,0.11
SRSF2,TTCCAG,0.073
SRSF5,GCCACC,0.123
SRSF8,AGCTGC,0.078
SRSF9,AAGGAG,0.081
TAF15,GGTATA,0.149
TARDBP,AGTGTG,0.085
TIA1,ATTTTT,0.062
TRA2A,AAGAAG,0.076
TRNAU1AP,ATTTTA,0.087
UNK,ATTTAG,0.084
ZCRB1,CATTAA,0.082
ZFP36,AATTAT,0.06
ZNF326,GATCGT,0.063
A1CF,AAATTA,0.08
BOLL,TTAGTT,0.065
CELF1,GTGTGT,0.082
CNOT4,ACAGAA,0.07
CPEB1,CTTTTT,0.068
DAZ3,GTTTTA,0.087
DAZAP1,ATATAA,0.078
EIF4G2,GTTGCG,0.068
ELAVL4,TTGTTT,0.059
ESRP1,TGGTGG,0.081
EWSR1,GGGTGG,0.102
FUBP1,ATGTTT,0.088
FUBP3,TAATAT,0.077
HNRNPA0,AATTAG,0.067
HNRNPA2B1,GGGGAA,0.093
HNRNPC,GTTTTT,0.052
HNRNPCL1,TTTTTC,0.051
HNRNPD,ATATTA,0.084
HNRNPDL,TATATA,0.075
HNRNPF,GGGGAA,0.076
HNRNPH2,GGGGGA,0.071
HNRNPK,CCACGC,0.082
HNRNPL,TACATT,0.078
IGF2BP1,ACATCA,0.148
IGF2BP2,CATTCA,0.122
ILF2,TGGGTG,0.077
KHDRBS2,TATAAA,0.067
KHDRBS3,TAATAA,0.074
KHSRP,GTATAT,0.089
MBNL1,CGCGCT,0.072
MSI1,AATTAG,0.072
NOVA1,CATAAC,0.071
NUPL2,AAATAA,0.07
PABPN1L,AGAAGA,0.054
PCBP1,AGCCCC,0.074
PCBP2,CCTTCC,0.069
PCBP4,CATCCC,0.072
PRR3,ATTAAC,0.064
PTBP3,TTCTCT,0.083
PUF60,TTTTTC,0.062
PUM1,TGTAAT,0.074
RALY,TTTTTC,0.06
RBFOX2,TGCACG,0.06
RBFOX3,GCATGG,0.065
RBM15B,ATTTTT,0.068
RBM23,CCCCCT,0.127
RBM24,AGTGTG,0.07
RBM25,AGGGGG,0.089
RBM4,GCGCGA,0.073
RBM41,CTACTT,0.08
RBM45,CACAAC,0.076
RBM47,AAATCA,0.084
RBM4B,AGCGCG,0.062
RBM6,CCTCCA,0.067
RBMS2,CATATA,0.082
RBMS3,TATAAT,0.073
RC3H1,TTATAG,0.071
SF1,ATTAAT,0.071
SFPQ,TAGTAA,0.085
SNRPA,ATGCAC,0.067
SRSF10,AGCTGC,0.101
SRSF2,GCAGCA,0.071
SRSF5,GCGCGC,0.121
SRSF8,TGCTGC,0.075
SRSF9,AGGAAG,0.076
TAF15,AGGTAA,0.143
TARDBP,TGAATG,0.082
TIA1,TTTCTT,0.054
TRA2A,CGAAGA,0.073
TRNAU1AP,TTATTT,0.074
UNK,TAGGTT,0.073
ZCRB1,AATTAA,0.08
ZFP36,TATTTT,0.053
ZNF326,AAGTCC,0.063
A1CF,AATCAT,0.066
BOLL,TGTGTT,0.059
CELF1,TGTCTT,0.073
CNOT4,CACATA,0.067
CPEB1,ATTTTA,0.064
DAZ3,ATGTTT,0.083
DAZAP1,TAAATA,0.073
EIF4G2,TGCGAG,0.067
ELAVL4,TTCTTT,0.054
ESRP1,GGGGTA,0.077
EWSR1,GAGGTG,0.099
FUBP1,TTGTAT,0.085
FUBP3,ATTTAT,0.077
HNRNPA0,TTTTAG,0.064
HNRNPA2B1,GGGTGG,0.089
HNRNPC,TATTTT,0.049
HNRNPCL1,GTTTTT,0.043
HNRNPD,TATTTT,0.074
HNRNPDL,TAATAA,0.072
HNRNPF,GGGGAG,0.073
HNRNPH2,GGGAGG,0.066
HNRNPK,TGCCCA,0.082
HNRNPL,AACACA,0.066
IGF2BP2,CAAACA,0.122
ILF2,ATGGGG,0.076
KHDRBS2,ATTAAA,0.066
KHDRBS3,TATAAA,0.074
KHSRP,TGTAAT,0.086
MBNL1,CGCTGC,0.069
MSI1,TATTAG,0.071
NOVA1,CTTCAT,0.065
NUPL2,AAAACA,0.064
PABPN1L,AGAATA,0.05
PCBP1,CGCCCC,0.074
PCBP2,GCCCCC,0.065
PCBP4,CCCCCC,0.07
PRR3,ATATAA,0.064
PTBP3,CTCTCT,0.079
PUF60,TCTCTT,0.054
PUM1,TACATA,0.065
RALY,TTTTTG,0.058
RBFOX2,CGCATG,0.06
RBFOX3,GCACGC,0.051
RBM15B,TTTTAT,0.064
RBM24,TGTGTG,0.067
RBM25,GGGGGC,0.078
RBM4,CGCGCA,0.072
RBM41,TTACTT,0.079
RBM45,CGCGAC,0.076
RBM47,CAATCA,0.076
RBM4B,CGCGTG,0.058
RBM6,GTCCGC,0.063
RBMS2,TATAAT,0.07
RBMS3,AATATA,0.072
RC3H1,TTATTA,0.069
SF1,TAACCC,0.071
SFPQ,ATAGTG,0.083
SNRPA,CGCACA,0.066
SRSF10,TGCTGC,0.101
SRSF2,AGGAGA,0.065
SRSF5,AGCAGC,0.119
SRSF8,GCAGCA,0.072
SRSF9,ATGGAG,0.076
TARDBP,TGTGTG,0.069
TIA1,TCTTTT,0.053
TRA2A,AAGAAT,0.064
TRNAU1AP,AATTTA,0.073
UNK,TAGTAT,0.071
ZCRB1,TTTTAA,0.079
ZFP36,TAATAA,0.044
ZNF326,GGATGC,0.062
A1CF,CAATTA,0.066
BOLL,CTTTTT,0.055
CELF1,TATGTT,0.073
CNOT4,ACAGAT,0.065
CPEB1,TTTTTC,0.048
DAZ3,TAGTTA,0.079
DAZAP1,ATTATA,0.069
EIF4G2,GTTGCT,0.067
ELAVL4,TCATTT,0.051
ESRP1,TGGGGG,0.075
EWSR1,AGGGTG,0.096
FUBP1,TGTTAT,0.083
FUBP3,ATAAAT,0.07
HNRNPA0,AATAGG,0.063
HNRNPA2B1,GGGGCA,0.087
HNRNPC,TTTTTC,0.047
HNRNPCL1,TATTTT,0.043
HNRNPD,TAATTT,0.073
HNRNPDL,TATTTA,0.07
HNRNPF,AGGGGT,0.069
HNRNPH2,AGGGGT,0.043
HNRNPK,CGCCAC,0.079
HNRNPL,CATACA,0.055
ILF2,GAGGGG,0.076
KHDRBS2,AATAAA,0.065
KHDRBS3,ACTAAA,0.066
KHSRP,TAATGT,0.078
MBNL1,CGCGCA,0.066
MSI1,ATTTAG,0.066
NOVA1,CTCATA,0.063
NUPL2,AAAAGG,0.063
PABPN1L,TTTTTT,0.049
PCBP1,CCTACC,0.07
PCBP2,CCCTCC,0.063
PCBP4,CTATCC,0.068
PRR3,ATGAAC,0.062
PTBP3,TACTTT,0.076
PUF60,TGTTTT,0.052
PUM1,TGTATT,0.041
RALY,GTTTTT,0.055
RBFOX2,GCATGG,0.038
RBFOX3,GCACGT,0.045
RBM15B,TTTTAA,0.06
RBM24,TTTTTT,0.063
RBM25,GGGGGA,0.074
RBM4,TGCGTA,0.07
RBM41,ATACAT,0.069
RBM45,CACTAC,0.07
RBM47,AATAAT,0.063
RBM4B,GCGGGT,0.058
RBM6,AGTCCC,0.06
RBMS2,TATATC,0.068
RBMS3,CATATA,0.068
RC3H1,TTTATA,0.066
SF1,ACTAAC,0.068
SFPQ,TTGTAA,0.083
SNRPA,GCACTA,0.061
SRSF10,GCGCAG,0.092
SRSF2,ATCCAG,0.062
SRSF5,CCACGC,0.115
SRSF8,GCAGCC,0.072
SRSF9,AGGGAG,0.074
TARDBP,AGAATG,0.068
TIA1,TTTTAT,0.053
TRA2A,CCTGAA,0.062
TRNAU1AP,TATTTA,0.058
UNK,TAGGTC,0.069
ZCRB1,GTTTAA,0.074
ZFP36,TATCTA,0.042
ZNF326,ATGGAC,0.053
A1CF,AATAAT,0.064
BOLL,ATTTTT,0.054
CELF1,TTTGTT,0.069
CNOT4,CACAGA,0.065
CPEB1,CCTTTT,0.041
DAZ3,TTTTTT,0.078
DAZAP1,TAGGTA,0.069
EIF4G2,TCGCCG,0.062
ELAVL4,TTAGTT,0.048
ESRP1,GGGGAG,0.074
EWSR1,GAGGGG,0.093
FUBP1,GTGTAT,0.078
FUBP3,TATTTT,0.066
HNRNPA0,TATAGC,0.061
HNRNPA2B1,GGGGAG,0.082
HNRNPC,AATTTT,0.032
HNRNPCL1,CATTTT,0.033
HNRNPD,ATAATA,0.071
HNRNPDL,AAAATA,0.066
HNRNPF,GGTGGG,0.067
HNRNPH2,GGGTGG,0.04
HNRNPK,CCGCCC,0.078
HNRNPL,ACATTA,0.054
ILF2,AGGGTG,0.074
KHDRBS2,CATAAA,0.064
KHDRBS3,CATAAA,0.062
KHSRP,GTATAA,0.077
MBNL1,GCTAGC,0.066
MSI1,ATAGAA,0.062
NOVA1,ATCATA,0.062
NUPL2,AAAAAT,0.062
PABPN1L,TAAAAA,0.047
PCBP1,CTGCCC,0.067
PCBP2,AACCCC,0.06
PCBP4,TATCCC,0.067
PRR3,TATAAG,0.057
PTBP3,TCTATT,0.071
PUF60,TTGTTT,0.051
PUM1,TTTATA,0.041
RALY,TATTTT,0.053
RBFOX2,AGCACG,0.036
RBFOX3,TGCACG,0.025
RBM15B,TTTCTT,0.052
RBM24,GTGTGA,0.058
RBM25,GGTGGG,0.073
RBM4,TGCGCA,0.069
RBM41,TACTTC,0.054
RBM45,ACGCAC,0.063
RBM47,AAATTT,0.058
RBM4B,GCGGGA,0.057
RBM6,CTGTCC,0.057
RBMS2,TATAAC,0.066
RBMS3,TTATAT,0.066
RC3H1,ATTATA,0.064
SF1,ACTAAT,0.065
SFPQ,GTAGTG,0.076
SNRPA,CTGCAC,0.057
SRSF2,AGCTGC,0.061
SRSF8,GGGGGG,0.067
SRSF9,AGGAGT,0.074
TARDBP,GGTGTG,0.055
TIA1,TTATTT,0.052
TRA2A,AGAAAA,0.059
TRNAU1AP,AATTTT,0.054
UNK,TAGGTA,0.065
ZCRB1,TTAAAT,0.064
ZNF326,GGATAT,0.053
A1CF,AATTAC,0.063
BOLL,TTTTAT,0.054
CELF1,TATGTC,0.063
CNOT4,ACATAT,0.061
CPEB1,TTTTAC,0.037
DAZ3,CAGTTT,0.077
DAZAP1,ATAATA,0.069
EIF4G2,GGCGAG,0.06
ELAVL4,TTTTTA,0.042
ESRP1,GGTGGG,0.072
FUBP1,TATTAT,0.075
FUBP3,TATAAT,0.066
HNRNPA0,ACTAGG,0.061
HNRNPCL1,TTTTAT,0.032
HNRNPD,TTAATA,0.068
HNRNPDL,TATTAA,0.064
HNRNPF,AGGGTA,0.056
HNRNPH2,ATGGGG,0.039
HNRNPK,CACGCA,0.078
HNRNPL,ACACTA,0.051
ILF2,TGGGGG,0.073
KHDRBS2,ATAATA,0.063
KHDRBS3,TTAAAA,0.062
KHSRP,TTTTAT,0.076
MBNL1,CGCAGC,0.064
MSI1,TAGCTA,0.062
NOVA1,CATTAC,0.062
NUPL2,GAAAAG,0.062
PCBP1,AAGCCC,0.067
PCBP2,CCTACC,0.06
PCBP4,CCTACC,0.065
PRR3,AATAAG,0.057
PTBP3,TACTAT,0.069
PUF60,TATTTT,0.046
PUM1,ATGTAA,0.039
RALY,TCTTTT,0.051
RBFOX3,AGCACG,0.021
RBM15B,TATTTT,0.051
RBM24,GTGTTA,0.053
RBM25,GCAGGG,0.073
RBM4,GCTACG,0.063
RBM41,TACATA,0.047
RBM45,CGCTAC,0.059
RBM47,AATTAA,0.057
RBM4B,GCGCGC,0.056
RBM6,CCTATC,0.057
RBMS2,TATTTA,0.063
RBMS3,ACTATA,0.064
RC3H1,TATTTA,0.064
SF1,TTAACC,0.064
SFPQ,AGTAAG,0.067
SNRPA,TTGCAC,0.056
SRSF2,TGCTGC,0.06
SRSF8,AGCAGA,0.064
SRSF9,AGGAGC,0.073
TARDBP,TGAGTG,0.054
TIA1,TTATTA,0.043
TRA2A,CCCGAA,0.059
TRNAU1AP,TTTTAA,0.054
UNK,ATTAGC,0.064
ZCRB1,CTTAAA,0.057
ZNF326,GATGTC,0.052
A1CF,AATGAA,0.062
BOLL,TTCTTT,0.048
CELF1,TGTGTT,0.063
CNOT4,ACAGAG,0.057
DAZ3,GTTTAT,0.073
DAZAP1,TAGTAT,0.068
EIF4G2,CGCCGG,0.059
ELAVL4,ATTATT,0.04
ESRP1,GGGGGC,0.07
FUBP3,TTTAAT,0.062
HNRNPA0,GTATAG,0.057
HNRNPCL1,TCTTTT,0.03
HNRNPD,TAAATA,0.066
HNRNPDL,TTATAA,0.06
HNRNPF,AGGGGA,0.054
HNRNPH2,AGGGGA,0.038
HNRNPK,CCATCC,0.077
HNRNPL,ATACAT,0.05
ILF2,GGTGGG,0.072
KHDRBS2,CTTAAA,0.061
KHDRBS3,ATAATA,0.057
KHSRP,TTATAT,0.072
MBNL1,GCAGCT,0.064
MSI1,AGTAGT,0.061
NOVA1,ATCATT,0.059
NUPL2,AATAAA,0.061
PCBP1,CCTGTC,0.066
PCBP2,CCACCC,0.059
PCBP4,TTCCCC,0.064
PRR3,ATAAAT,0.05
PTBP3,CTATCC,0.069
PUF60,TCTCTC,0.044
RALY,TTCTTT,0.041
RBM15B,TTTTTG,0.048
RBM24,GTGTGG,0.049
RBM25,GCGCGC,0.072
RBM4,TACGCG,0.061
RBM41,CCGGAC,0.043
RBM45,ACGTAC,0.058
RBM47,TAATTT,0.054
RBM4B,ACGGGG,0.053
RBM6,CCTTCC,0.057
RBMS2,TTATAT,0.063
RBMS3,TATTTA,0.059
RC3H1,CCATAT,0.062
SF1,TTAACA,0.063
SFPQ,GTAATG,0.066
SNRPA,GTGCAC,0.046
SRSF2,TGCAGC,0.059
SRSF8,GCAGCT,0.063
SRSF9,CAGGAG,0.071
TARDBP,GTATGT,0.054
TRA2A,GAAGCA,0.057
TRNAU1AP,CATTTA,0.053
UNK,TAGCTA,0.063
ZCRB1,ATTTAA,0.056
ZNF326,GAGTTC,0.052
A1CF,CAATCA,0.058
BOLL,GTTTTT,0.048
CELF1,TGTGTC,0.062
CNOT4,GACAGA,0.056
DAZ3,AAGTTT,0.072
DAZAP1,TACATA,0.065
EIF4G2,GCGGGG,0.057
ELAVL4,TTAATT,0.039
FUBP3,TTAAAT,0.062
HNRNPA0,TATAGT,0.056
HNRNPD,AAATTA,0.064
HNRNPDL,TTTTAA,0.058
HNRNPH2,GGGGGC,0.036
HNRNPK,CACCAC,0.076
HNRNPL,CACATT,0.047
ILF2,AAGGGG,0.071
KHDRBS2,ACTAAA,0.06
KHDRBS3,AATTAA,0.056
MBNL1,TGCTTT,0.064
MSI1,TATAGT,0.059
NOVA1,CTCATT,0.057
NUPL2,GAAAAA,0.057
PCBP1,ATCCCC,0.065
PCBP2,GCCCCA,0.058
PCBP4,CCTGTC,0.061
PRR3,TTATAA,0.047
PUF60,TCTTTC,0.039
RALY,TTTTAT,0.036
RBM15B,TTAATT,0.047
RBM24,TGTGTT,0.045
RBM4,GCGCAT,0.06
RBM41,ATACTT,0.04
RBM45,CATTAC,0.056
RBM47,TAATCT,0.053
RBM4B,GCGGTA,0.053
RBM6,CGTCCA,0.057
RBMS2,ACTATA,0.062
RBMS3,TATATC,0.058
RC3H1,ATTTTA,0.059
SF1,ATAACC,0.063
SNRPA,TAGCAC,0.045
SRSF2,AGCCGC,0.058
SRSF8,GCAGTA,0.061
SRSF9,ATGGAA,0.061
TARDBP,AGAGTG,0.05
TRA2A,GAAGAT,0.055
TRNAU1AP,TTTTAT,0.051
UNK,TAGATA,0.062
ZCRB1,TTAATA,0.055
ZNF326,ACGGAC,0.05
BOLL,TTTATT,0.046
CELF1,TTTGTC,0.061
DAZAP1,ATAGTA,0.061
EIF4G2,CGTCGG,0.056
ELAVL4,TATGTT,0.036
FUBP3,TAAAAT,0.061
HNRNPA0,TTAGTT,0.054
HNRNPD,TTTATA,0.064
HNRNPDL,TTTTTA,0.057
HNRNPL,ATACAC,0.045
KHDRBS2,TTAATA,0.058
KHDRBS3,CTTAAA,0.055
MBNL1,TGCTTA,0.062
MSI1,TAGATT,0.059
NOVA1,CATCAC,0.057
NUPL2,AATGAA,0.054
PCBP1,CCTTCC,0.063
PCBP2,TTCCCC,0.057
PCBP4,AATCCT,0.054
PRR3,TAATAA,0.044
RALY,AATTTT,0.034
RBM15B,TTTGTT,0.045
RBM24,GTTTTT,0.045
RBM4,GCGCTA,0.059
RBM41,TTACGT,0.038
RBM45,ACAACA,0.055
RBM47,AATAAA,0.05
RBM4B,GCGGAA,0.052
RBM6,CCTCCG,0.054
RBMS2,AGTATA,0.06
RBMS3,TATAAC,0.057
RC3H1,AATATT,0.055
SF1,TTTAAT,0.06
SNRPA,GCACGC,0.044
SRSF2,TACCAG,0.057
SRSF8,AGCCGC,0.061
SRSF9,GGAATA,0.06
TARDBP,GTATGA,0.049
TRA2A,AAAGAA,0.051
UNK,TAGTAA,0.062
ZCRB1,TTAATT,0.049
BOLL,TATGTT,0.043
ELAVL4,TACTTT,0.035
HNRNPA0,ATTAGC,0.053
KHDRBS2,CTAAAA,0.05
KHDRBS3,TATTTA,0.054
MBNL1,GCGCTA,0.06
MSI1,TAGGTA,0.057
NOVA1,TACATA,0.056
PCBP2,CCGGTC,0.054
PRR3,AAATAA,0.044
RBM24,CTTTTG,0.043
RBM41,CTACGT,0.034
RBM45,CATGAC,0.053
RBM6,CACCCC,0.053
RC3H1,TTTTTA,0.054
SF1,ATAATA,0.06
